GSEID,GPL,indicadorMT,muestrasSexo,anotacionSexo,sex_tags,nSamples_adi,nMales,nFemales,MaleGSMs,FemaleGSMs
GSE27657,GPL570,MONOTEJIDO,AMBOS,SI,Sex: Male///Sex: Female,18,4,14,"GSM685065', 'GSM685067', 'GSM685074', 'GSM685076'","GSM685066', 'GSM685068', 'GSM685069', 'GSM685070', 'GSM685071', 'GSM685072', 'GSM685073', 'GSM685075', 'GSM685077', 'GSM685078', 'GSM685079', 'GSM685080', 'GSM685081', 'GSM685082'"
GSE27916,GPL570,MONOTEJIDO,AMBOS,SI,Sex: male///Sex: female,375,113,262,"GSM689465', 'GSM689467', 'GSM689469', 'GSM689476', 'GSM689485', 'GSM689489', 'GSM689491', 'GSM689500', 'GSM689506', 'GSM689507', 'GSM689508', 'GSM689509', 'GSM689513', 'GSM689517', 'GSM689521', 'GSM689526', 'GSM689527', 'GSM689528', 'GSM689530', 'GSM689533', 'GSM689543', 'GSM689544', 'GSM689547', 'GSM689550', 'GSM689551', 'GSM689552', 'GSM689558', 'GSM689559', 'GSM689566', 'GSM689567', 'GSM689568', 'GSM689569', 'GSM689571', 'GSM689573', 'GSM689576', 'GSM689583', 'GSM689586', 'GSM689588', 'GSM689590', 'GSM689592', 'GSM689597', 'GSM689598', 'GSM689601', 'GSM689602', 'GSM689614', 'GSM689615', 'GSM689618', 'GSM689619', 'GSM689620', 'GSM689621', 'GSM689640', 'GSM689641', 'GSM689642', 'GSM689646', 'GSM689650', 'GSM689657', 'GSM689662', 'GSM689663', 'GSM689664', 'GSM689667', 'GSM689672', 'GSM689673', 'GSM689676', 'GSM689677', 'GSM689688', 'GSM689701', 'GSM689703', 'GSM689707', 'GSM689709', 'GSM689710', 'GSM689714', 'GSM689715', 'GSM689717', 'GSM689718', 'GSM689719', 'GSM689724', 'GSM689727', 'GSM689730', 'GSM689731', 'GSM689734', 'GSM689735', 'GSM689739', 'GSM689740', 'GSM689741', 'GSM689742', 'GSM689746', 'GSM689753', 'GSM689758', 'GSM689763', 'GSM689767', 'GSM689768', 'GSM689779', 'GSM689780', 'GSM689781', 'GSM689784', 'GSM689792', 'GSM689795', 'GSM689799', 'GSM689806', 'GSM689807', 'GSM689809', 'GSM689810', 'GSM689812', 'GSM689813', 'GSM689816', 'GSM689817', 'GSM689818', 'GSM689825', 'GSM689828', 'GSM689831', 'GSM689833', 'GSM689834', 'GSM689837'","GSM689463', 'GSM689464', 'GSM689466', 'GSM689468', 'GSM689470', 'GSM689471', 'GSM689472', 'GSM689473', 'GSM689474', 'GSM689475', 'GSM689477', 'GSM689478', 'GSM689479', 'GSM689480', 'GSM689481', 'GSM689482', 'GSM689483', 'GSM689484', 'GSM689486', 'GSM689487', 'GSM689488', 'GSM689490', 'GSM689492', 'GSM689493', 'GSM689494', 'GSM689495', 'GSM689496', 'GSM689497', 'GSM689498', 'GSM689499', 'GSM689501', 'GSM689502', 'GSM689503', 'GSM689504', 'GSM689505', 'GSM689510', 'GSM689511', 'GSM689512', 'GSM689514', 'GSM689515', 'GSM689516', 'GSM689518', 'GSM689519', 'GSM689520', 'GSM689522', 'GSM689523', 'GSM689524', 'GSM689525', 'GSM689529', 'GSM689531', 'GSM689532', 'GSM689534', 'GSM689535', 'GSM689536', 'GSM689537', 'GSM689538', 'GSM689539', 'GSM689540', 'GSM689541', 'GSM689542', 'GSM689545', 'GSM689546', 'GSM689548', 'GSM689549', 'GSM689553', 'GSM689554', 'GSM689555', 'GSM689556', 'GSM689557', 'GSM689560', 'GSM689561', 'GSM689562', 'GSM689563', 'GSM689564', 'GSM689565', 'GSM689570', 'GSM689572', 'GSM689574', 'GSM689575', 'GSM689577', 'GSM689578', 'GSM689579', 'GSM689580', 'GSM689581', 'GSM689582', 'GSM689584', 'GSM689585', 'GSM689587', 'GSM689589', 'GSM689591', 'GSM689593', 'GSM689594', 'GSM689595', 'GSM689596', 'GSM689599', 'GSM689600', 'GSM689603', 'GSM689604', 'GSM689605', 'GSM689606', 'GSM689607', 'GSM689608', 'GSM689609', 'GSM689610', 'GSM689611', 'GSM689612', 'GSM689613', 'GSM689616', 'GSM689617', 'GSM689622', 'GSM689623', 'GSM689624', 'GSM689625', 'GSM689626', 'GSM689627', 'GSM689628', 'GSM689629', 'GSM689630', 'GSM689631', 'GSM689632', 'GSM689633', 'GSM689634', 'GSM689635', 'GSM689636', 'GSM689637', 'GSM689638', 'GSM689639', 'GSM689643', 'GSM689644', 'GSM689645', 'GSM689647', 'GSM689648', 'GSM689649', 'GSM689651', 'GSM689652', 'GSM689653', 'GSM689654', 'GSM689655', 'GSM689656', 'GSM689658', 'GSM689659', 'GSM689660', 'GSM689661', 'GSM689665', 'GSM689666', 'GSM689668', 'GSM689669', 'GSM689670', 'GSM689671', 'GSM689674', 'GSM689675', 'GSM689678', 'GSM689679', 'GSM689680', 'GSM689681', 'GSM689682', 'GSM689683', 'GSM689684', 'GSM689685', 'GSM689686', 'GSM689687', 'GSM689689', 'GSM689690', 'GSM689691', 'GSM689692', 'GSM689693', 'GSM689694', 'GSM689695', 'GSM689696', 'GSM689697', 'GSM689698', 'GSM689699', 'GSM689700', 'GSM689702', 'GSM689704', 'GSM689705', 'GSM689706', 'GSM689708', 'GSM689711', 'GSM689712', 'GSM689713', 'GSM689716', 'GSM689720', 'GSM689721', 'GSM689722', 'GSM689723', 'GSM689725', 'GSM689726', 'GSM689728', 'GSM689729', 'GSM689732', 'GSM689733', 'GSM689736', 'GSM689737', 'GSM689738', 'GSM689743', 'GSM689744', 'GSM689745', 'GSM689747', 'GSM689748', 'GSM689749', 'GSM689750', 'GSM689751', 'GSM689752', 'GSM689754', 'GSM689755', 'GSM689756', 'GSM689757', 'GSM689759', 'GSM689760', 'GSM689761', 'GSM689762', 'GSM689764', 'GSM689765', 'GSM689766', 'GSM689769', 'GSM689770', 'GSM689771', 'GSM689772', 'GSM689773', 'GSM689774', 'GSM689775', 'GSM689776', 'GSM689777', 'GSM689778', 'GSM689782', 'GSM689783', 'GSM689785', 'GSM689786', 'GSM689787', 'GSM689788', 'GSM689789', 'GSM689790', 'GSM689791', 'GSM689793', 'GSM689794', 'GSM689796', 'GSM689797', 'GSM689798', 'GSM689800', 'GSM689801', 'GSM689802', 'GSM689803', 'GSM689804', 'GSM689805', 'GSM689808', 'GSM689811', 'GSM689814', 'GSM689815', 'GSM689819', 'GSM689820', 'GSM689821', 'GSM689822', 'GSM689823', 'GSM689824', 'GSM689826', 'GSM689827', 'GSM689829', 'GSM689830', 'GSM689832', 'GSM689835', 'GSM689836'"
GSE41168,GPL570,MULTITEJIDO,MUJERES,SI,gender: Female,70,0,70,NULL,"GSM1009752', 'GSM1009753', 'GSM1009756', 'GSM1009757', 'GSM1009760', 'GSM1009761', 'GSM1009764', 'GSM1009765', 'GSM1009768', 'GSM1009769', 'GSM1009772', 'GSM1009773', 'GSM1009776', 'GSM1009777', 'GSM1009778', 'GSM1009779', 'GSM1009782', 'GSM1009783', 'GSM1009784', 'GSM1009785', 'GSM1009788', 'GSM1009789', 'GSM1009796', 'GSM1009797', 'GSM1009800', 'GSM1009801', 'GSM1009804', 'GSM1009805', 'GSM1009806', 'GSM1009807', 'GSM1009810', 'GSM1009811', 'GSM1009812', 'GSM1009813', 'GSM1009816', 'GSM1009817', 'GSM1009820', 'GSM1009821', 'GSM1009824', 'GSM1009825', 'GSM1009828', 'GSM1009829', 'GSM1009832', 'GSM1009833', 'GSM1009836', 'GSM1009837', 'GSM1009840', 'GSM1009841', 'GSM1009844', 'GSM1009845', 'GSM1009848', 'GSM1009849', 'GSM1009854', 'GSM1009855', 'GSM1009858', 'GSM1009859', 'GSM1009862', 'GSM1009863', 'GSM1009866', 'GSM1009867', 'GSM1009872', 'GSM1009873', 'GSM1009874', 'GSM1009875', 'GSM1009878', 'GSM1009879', 'GSM1009882', 'GSM1009883', 'GSM1009886', 'GSM1009887'"
GSE61302,GPL570,MONOTEJIDO,MUJERES,SI,gender: female,15,0,15,NULL,"GSM1501795', 'GSM1501796', 'GSM1501797', 'GSM1501798', 'GSM1501799', 'GSM1501800', 'GSM1501801', 'GSM1501802', 'GSM1501803', 'GSM1501804', 'GSM1501805', 'GSM1501806', 'GSM1501807', 'GSM1501808', 'GSM1501809'"
GSE66159,GPL570,MULTITEJIDO,MUJERES,NO,NA,38,0,38,NULL,"GSM1615577', 'GSM1615578', 'GSM1615579', 'GSM1615580', 'GSM1615581', 'GSM1615582', 'GSM1615583', 'GSM1615584', 'GSM1615585', 'GSM1615586', 'GSM1615587', 'GSM1615588', 'GSM1615589', 'GSM1615590', 'GSM1615591', 'GSM1615592', 'GSM1615593', 'GSM1615594', 'GSM1615595', 'GSM1615596', 'GSM1615597', 'GSM1615598', 'GSM1615599', 'GSM1615600', 'GSM1615601', 'GSM1615602', 'GSM1615603', 'GSM1615604', 'GSM1615605', 'GSM1615606', 'GSM1615607', 'GSM1615608', 'GSM1615609', 'GSM1615610', 'GSM1615611', 'GSM1615612', 'GSM1615613', 'GSM1615614'"
GSE71416,GPL570,MONOTEJIDO,AMBOS,SI,Sex: Male///Sex: Female,20,5,15,"GSM1833926', 'GSM1833929', 'GSM1833930', 'GSM1833932', 'GSM1833941'","GSM1833927', 'GSM1833928', 'GSM1833931', 'GSM1833933', 'GSM1833934', 'GSM1833935', 'GSM1833936', 'GSM1833937', 'GSM1833938', 'GSM1833939', 'GSM1833940', 'GSM1833942', 'GSM1833943', 'GSM1833944', 'GSM1833945'"
GSE88837,GPL570,MONOTEJIDO,MUJERES,SI,gender: Female,30,0,30,NULL,"GSM2349936', 'GSM2349937', 'GSM2349938', 'GSM2349939', 'GSM2349940', 'GSM2349941', 'GSM2349942', 'GSM2349943', 'GSM2349944', 'GSM2349945', 'GSM2349946', 'GSM2349947', 'GSM2349948', 'GSM2349949', 'GSM2349950', 'GSM2349951', 'GSM2349952', 'GSM2349953', 'GSM2349954', 'GSM2349955', 'GSM2349956', 'GSM2349957', 'GSM2349958', 'GSM2349959', 'GSM2349960', 'GSM2349961', 'GSM2349962', 'GSM2349963', 'GSM2349964', 'GSM2349965'"
GSE9624,GPL570,MONOTEJIDO,AMBOS,SI,gender: M///gender: F,11,10,1,"GSM243215', 'GSM243216', 'GSM243218', 'GSM243219', 'GSM243220', 'GSM243225', 'GSM243226', 'GSM243227', 'GSM243228', 'GSM243275'",NULL
GSE25401,GPL6244,MONOTEJIDO,MUJERES,SI,genotype: female,56,0,56,NULL,"GSM623761', 'GSM623762', 'GSM623763', 'GSM623764', 'GSM623765', 'GSM623766', 'GSM623767', 'GSM623768', 'GSM623769', 'GSM623770', 'GSM623771', 'GSM623772', 'GSM623773', 'GSM623774', 'GSM623775', 'GSM623776', 'GSM623777', 'GSM623778', 'GSM623779', 'GSM623780', 'GSM623781', 'GSM623782', 'GSM623783', 'GSM623784', 'GSM623785', 'GSM623786', 'GSM623787', 'GSM623788', 'GSM623789', 'GSM623790', 'GSM623791', 'GSM623792', 'GSM623793', 'GSM623794', 'GSM623795', 'GSM623796', 'GSM623797', 'GSM623798', 'GSM623799', 'GSM623800', 'GSM623801', 'GSM623802', 'GSM623803', 'GSM623804', 'GSM623805', 'GSM623806', 'GSM623807', 'GSM623808', 'GSM623809', 'GSM623810', 'GSM623811', 'GSM623812', 'GSM623813', 'GSM623814', 'GSM623815', 'GSM623816'"
GSE25910,GPL6244,MONOTEJIDO,MUJERES,SI,gender: female,36,0,36,NULL,"GSM636662', 'GSM636663', 'GSM636664', 'GSM636665', 'GSM636666', 'GSM636667', 'GSM636668', 'GSM636669', 'GSM636670', 'GSM636671', 'GSM636672', 'GSM636673', 'GSM636674', 'GSM636675', 'GSM636676', 'GSM636677', 'GSM636678', 'GSM636679', 'GSM636680', 'GSM636681', 'GSM636682', 'GSM636683', 'GSM636684', 'GSM636685', 'GSM636686', 'GSM636687', 'GSM636688', 'GSM636689', 'GSM636690', 'GSM636691', 'GSM636692', 'GSM636693', 'GSM636694', 'GSM636695', 'GSM636696', 'GSM636697'"
GSE33070,GPL6244,MONOTEJIDO,AMBOS,SI,gender: Male///gender: Female,26,10,16,"GSM819098', 'GSM819099', 'GSM819101', 'GSM819103', 'GSM819108', 'GSM819111', 'GSM819114', 'GSM819115', 'GSM819118', 'GSM819120'","GSM819096', 'GSM819097', 'GSM819100', 'GSM819102', 'GSM819104', 'GSM819105', 'GSM819106', 'GSM819107', 'GSM819109', 'GSM819110', 'GSM819112', 'GSM819113', 'GSM819116', 'GSM819117', 'GSM819119', 'GSM819121'"
GSE73655,GPL6244,MONOTEJIDO,AMBOS,SI,gender: Male///gender: Female,20,6,14,"GSM1900070', 'GSM1900071', 'GSM1900072', 'GSM1900078', 'GSM1900087', 'GSM1900088'","GSM1900073', 'GSM1900074', 'GSM1900075', 'GSM1900076', 'GSM1900077', 'GSM1900079', 'GSM1900080', 'GSM1900081', 'GSM1900082', 'GSM1900083', 'GSM1900084', 'GSM1900085', 'GSM1900086', 'GSM1900089'"
GSE41223,GPL6244,MONOTEJIDO,AMBOS,SI,gender: Male///gender: Female,20,4,16,"GSM1011037', 'GSM1011038', 'GSM1011039', 'GSM1011040'","GSM1011041', 'GSM1011042', 'GSM1011043', 'GSM1011044', 'GSM1011045', 'GSM1011046', 'GSM1011047', 'GSM1011048', 'GSM1011049', 'GSM1011050', 'GSM1011051', 'GSM1011052', 'GSM1011053', 'GSM1011054', 'GSM1011055', 'GSM1011056'"
GSE54280,GPL6244,MONOTEJIDO,AMBOS,SI,gender: male///gender: female,12,6,6,"GSM1311783', 'GSM1311784', 'GSM1311789', 'GSM1311790', 'GSM1311793', 'GSM1311794'","GSM1311785', 'GSM1311786', 'GSM1311787', 'GSM1311788', 'GSM1311791', 'GSM1311792'"
GSE73108,GPL10558,MONOTEJIDO,MUJERES,SI,gender: female,12,0,12,NULL,"GSM1886833', 'GSM1886834', 'GSM1886835', 'GSM1886836', 'GSM1886837', 'GSM1886838', 'GSM1886839', 'GSM1886840', 'GSM1886841', 'GSM1886842', 'GSM1886843', 'GSM1886844'"
GSE65221,GPL10558,MONOTEJIDO,AMBOS,SI,gender: Male///gender: Female,136,63,73,"GSM1590152', 'GSM1590154', 'GSM1590155', 'GSM1590156', 'GSM1590157', 'GSM1590158', 'GSM1590161', 'GSM1590162', 'GSM1590163', 'GSM1590165', 'GSM1590168', 'GSM1590169', 'GSM1590170', 'GSM1590171', 'GSM1590172', 'GSM1590175', 'GSM1590182', 'GSM1590183', 'GSM1590184', 'GSM1590185', 'GSM1590187', 'GSM1590189', 'GSM1590190', 'GSM1590192', 'GSM1590193', 'GSM1590194', 'GSM1590196', 'GSM1590198', 'GSM1590199', 'GSM1590201', 'GSM1590204', 'GSM1590205', 'GSM1590207', 'GSM1590210', 'GSM1590214', 'GSM1590215', 'GSM1590219', 'GSM1590222', 'GSM1590223', 'GSM1590227', 'GSM1590230', 'GSM1590235', 'GSM1590243', 'GSM1590247', 'GSM1590248', 'GSM1590252', 'GSM1590258', 'GSM1590259', 'GSM1590264', 'GSM1590266', 'GSM1590267', 'GSM1590269', 'GSM1590270', 'GSM1590271', 'GSM1590273', 'GSM1590274', 'GSM1590275', 'GSM1590276', 'GSM1590277', 'GSM1590278', 'GSM1590280', 'GSM1590283', 'GSM1590285'","GSM1590151', 'GSM1590153', 'GSM1590159', 'GSM1590160', 'GSM1590164', 'GSM1590166', 'GSM1590167', 'GSM1590173', 'GSM1590174', 'GSM1590176', 'GSM1590177', 'GSM1590178', 'GSM1590179', 'GSM1590180', 'GSM1590181', 'GSM1590186', 'GSM1590188', 'GSM1590191', 'GSM1590195', 'GSM1590197', 'GSM1590200', 'GSM1590202', 'GSM1590203', 'GSM1590206', 'GSM1590208', 'GSM1590209', 'GSM1590211', 'GSM1590212', 'GSM1590213', 'GSM1590216', 'GSM1590217', 'GSM1590218', 'GSM1590220', 'GSM1590221', 'GSM1590224', 'GSM1590225', 'GSM1590226', 'GSM1590228', 'GSM1590229', 'GSM1590231', 'GSM1590232', 'GSM1590233', 'GSM1590234', 'GSM1590236', 'GSM1590237', 'GSM1590238', 'GSM1590239', 'GSM1590240', 'GSM1590241', 'GSM1590242', 'GSM1590244', 'GSM1590245', 'GSM1590246', 'GSM1590249', 'GSM1590250', 'GSM1590251', 'GSM1590253', 'GSM1590254', 'GSM1590255', 'GSM1590256', 'GSM1590257', 'GSM1590260', 'GSM1590261', 'GSM1590262', 'GSM1590263', 'GSM1590265', 'GSM1590268', 'GSM1590272', 'GSM1590279', 'GSM1590281', 'GSM1590282', 'GSM1590284', 'GSM1590286'"
GSE119717,GPL10558,MULTITEJIDO,HOMBRES,SI,Sex: Male,60,60,0,"GSM3381381', 'GSM3381382', 'GSM3381383', 'GSM3381384', 'GSM3381389', 'GSM3381391', 'GSM3381397', 'GSM3381398', 'GSM3381401', 'GSM3381402', 'GSM3381404', 'GSM3381405', 'GSM3381408', 'GSM3381409', 'GSM3381410', 'GSM3381412', 'GSM3381413', 'GSM3381416', 'GSM3381419', 'GSM3381420', 'GSM3381421', 'GSM3381423', 'GSM3381425', 'GSM3381426', 'GSM3381427', 'GSM3381428', 'GSM3381429', 'GSM3381430', 'GSM3381432', 'GSM3381435', 'GSM3381438', 'GSM3381440', 'GSM3381441', 'GSM3381444', 'GSM3381447', 'GSM3381449', 'GSM3381453', 'GSM3381454', 'GSM3381460', 'GSM3381462', 'GSM3381464', 'GSM3381465', 'GSM3381469', 'GSM3381470', 'GSM3381474', 'GSM3381477', 'GSM3381479', 'GSM3381480', 'GSM3381482', 'GSM3381483', 'GSM3381487', 'GSM3381489', 'GSM3381490', 'GSM3381493', 'GSM3381495', 'GSM3381496', 'GSM3381497', 'GSM3381499', 'GSM3381504', 'GSM3381505'",NULL
GSE115645,GPL10558,MONOTEJIDO,AMBOS,SI,Sex: male///Sex: female,24,21,3,"GSM3186618', 'GSM3186619', 'GSM3186620', 'GSM3186621', 'GSM3186622', 'GSM3186623', 'GSM3186624', 'GSM3186625', 'GSM3186626', 'GSM3186627', 'GSM3186628', 'GSM3186629', 'GSM3186630', 'GSM3186631', 'GSM3186632', 'GSM3186633', 'GSM3186634', 'GSM3186635', 'GSM3186639', 'GSM3186640', 'GSM3186641'","GSM3186636', 'GSM3186637', 'GSM3186638'"
GSE43471,GPL6947,MONOTEJIDO,MUJERES,SI,gender: female,96,0,96,NULL,"GSM1063183', 'GSM1063184', 'GSM1063185', 'GSM1063186', 'GSM1063187', 'GSM1063188', 'GSM1063189', 'GSM1063190', 'GSM1063191', 'GSM1063192', 'GSM1063193', 'GSM1063194', 'GSM1063195', 'GSM1063196', 'GSM1063197', 'GSM1063198', 'GSM1063199', 'GSM1063200', 'GSM1063201', 'GSM1063202', 'GSM1063203', 'GSM1063204', 'GSM1063205', 'GSM1063206', 'GSM1063207', 'GSM1063208', 'GSM1063209', 'GSM1063210', 'GSM1063211', 'GSM1063212', 'GSM1063213', 'GSM1063214', 'GSM1063215', 'GSM1063216', 'GSM1063217', 'GSM1063218', 'GSM1063219', 'GSM1063220', 'GSM1063221', 'GSM1063222', 'GSM1063223', 'GSM1063224', 'GSM1063225', 'GSM1063226', 'GSM1063227', 'GSM1063228', 'GSM1063229', 'GSM1063230', 'GSM1063231', 'GSM1063232', 'GSM1063233', 'GSM1063234', 'GSM1063235', 'GSM1063236', 'GSM1063237', 'GSM1063238', 'GSM1063239', 'GSM1063240', 'GSM1063241', 'GSM1063242', 'GSM1063243', 'GSM1063244', 'GSM1063245', 'GSM1063246', 'GSM1063247', 'GSM1063248', 'GSM1063249', 'GSM1063250', 'GSM1063251', 'GSM1063252', 'GSM1063253', 'GSM1063254', 'GSM1063255', 'GSM1063256', 'GSM1063257', 'GSM1063258', 'GSM1063259', 'GSM1063260', 'GSM1063261', 'GSM1063262', 'GSM1063263', 'GSM1063264', 'GSM1063265', 'GSM1063266', 'GSM1063267', 'GSM1063268', 'GSM1063269', 'GSM1063270', 'GSM1063271', 'GSM1063272', 'GSM1063273', 'GSM1063274', 'GSM1063275', 'GSM1063276', 'GSM1063277', 'GSM1063278'"
GSE32512,GPL6947,MONOTEJIDO,HOMBRES,NO,NA,204,204,0,"GSM804886', 'GSM804887', 'GSM804888', 'GSM804889', 'GSM804890', 'GSM804891', 'GSM804892', 'GSM804893', 'GSM804894', 'GSM804895', 'GSM804896', 'GSM804897', 'GSM804898', 'GSM804899', 'GSM804900', 'GSM804901', 'GSM804902', 'GSM804903', 'GSM804904', 'GSM804905', 'GSM804906', 'GSM804907', 'GSM804908', 'GSM804909', 'GSM804910', 'GSM804911', 'GSM804912', 'GSM804913', 'GSM804914', 'GSM804915', 'GSM804916', 'GSM804917', 'GSM804918', 'GSM804919', 'GSM804920', 'GSM804921', 'GSM804922', 'GSM804923', 'GSM804924', 'GSM804925', 'GSM804926', 'GSM804927', 'GSM804928', 'GSM804929', 'GSM804930', 'GSM804931', 'GSM804932', 'GSM804933', 'GSM804934', 'GSM804935', 'GSM804936', 'GSM804937', 'GSM804938', 'GSM804939', 'GSM804940', 'GSM804941', 'GSM804942', 'GSM804943', 'GSM804944', 'GSM804945', 'GSM804946', 'GSM804947', 'GSM804948', 'GSM804949', 'GSM804950', 'GSM804951', 'GSM804952', 'GSM804953', 'GSM804954', 'GSM804955', 'GSM804956', 'GSM804957', 'GSM804958', 'GSM804959', 'GSM804960', 'GSM804961', 'GSM804962', 'GSM804963', 'GSM804964', 'GSM804965', 'GSM804966', 'GSM804967', 'GSM804968', 'GSM804969', 'GSM804970', 'GSM804971', 'GSM804972', 'GSM804973', 'GSM804974', 'GSM804975', 'GSM804976', 'GSM804977', 'GSM804978', 'GSM804979', 'GSM804980', 'GSM804981', 'GSM804982', 'GSM804983', 'GSM804984', 'GSM804985', 'GSM804986', 'GSM804987', 'GSM804988', 'GSM804989', 'GSM804990', 'GSM804991', 'GSM804992', 'GSM804993', 'GSM804994', 'GSM804995', 'GSM804996', 'GSM804997', 'GSM804998', 'GSM804999', 'GSM805000', 'GSM805001', 'GSM805002', 'GSM805003', 'GSM805004', 'GSM805005', 'GSM805006', 'GSM805007', 'GSM805008', 'GSM805009', 'GSM805010', 'GSM805011', 'GSM805012', 'GSM805013', 'GSM805014', 'GSM805015', 'GSM805016', 'GSM805017', 'GSM805018', 'GSM805019', 'GSM805020', 'GSM805021', 'GSM805022', 'GSM805023', 'GSM805024', 'GSM805025', 'GSM805026', 'GSM805027', 'GSM805028', 'GSM805029', 'GSM805030', 'GSM805031', 'GSM805032', 'GSM805033', 'GSM805034', 'GSM805035', 'GSM805036', 'GSM805037', 'GSM805038', 'GSM805039', 'GSM805040', 'GSM805041', 'GSM805042', 'GSM805043', 'GSM805044', 'GSM805045', 'GSM805046', 'GSM805047', 'GSM805048', 'GSM805049', 'GSM805050', 'GSM805051', 'GSM805052', 'GSM805053', 'GSM805054', 'GSM805055', 'GSM805056', 'GSM805057', 'GSM805058', 'GSM805059', 'GSM805060', 'GSM805061', 'GSM805062', 'GSM805063', 'GSM805064', 'GSM805065', 'GSM805066', 'GSM805067', 'GSM805068', 'GSM805069', 'GSM805070', 'GSM805071', 'GSM805072', 'GSM805073', 'GSM805074', 'GSM805075', 'GSM805076', 'GSM805077', 'GSM805078', 'GSM805079', 'GSM805080', 'GSM805081', 'GSM805082', 'GSM805083', 'GSM805084', 'GSM805085', 'GSM805086', 'GSM805087', 'GSM805088', 'GSM805089'",NULL
GSE29231,GPL6947,MONOTEJIDO,MUJERES,SI,gender: Female,24,0,24,NULL,"GSM722948', 'GSM722949', 'GSM722950', 'GSM722951', 'GSM722952', 'GSM722953', 'GSM722954', 'GSM722955', 'GSM722956', 'GSM722957', 'GSM722958', 'GSM722959', 'GSM722960', 'GSM722961', 'GSM722962', 'GSM722963', 'GSM722964', 'GSM722965', 'GSM722966', 'GSM722967', 'GSM722968', 'GSM722969', 'GSM722970', 'GSM722971'"
GSE29226,GPL6947,MONOTEJIDO,MUJERES,SI,gender: Female,24,0,24,NULL,"GSM722735', 'GSM722736', 'GSM722737', 'GSM722738', 'GSM722739', 'GSM722740', 'GSM722741', 'GSM722742', 'GSM722743', 'GSM722744', 'GSM722745', 'GSM722746', 'GSM722747', 'GSM722748', 'GSM722749', 'GSM722750', 'GSM722751', 'GSM722752', 'GSM722753', 'GSM722754', 'GSM722755', 'GSM722756', 'GSM722757', 'GSM722758'"
GSE27666,GPL6947,MONOTEJIDO,HOMBRES,SI,Sex: male,175,175,0,"GSM685160', 'GSM685161', 'GSM685162', 'GSM685163', 'GSM685164', 'GSM685165', 'GSM685166', 'GSM685167', 'GSM685168', 'GSM685169', 'GSM685170', 'GSM685171', 'GSM685172', 'GSM685173', 'GSM685174', 'GSM685175', 'GSM685176', 'GSM685177', 'GSM685178', 'GSM685179', 'GSM685180', 'GSM685181', 'GSM685182', 'GSM685183', 'GSM685184', 'GSM685185', 'GSM685186', 'GSM685187', 'GSM685188', 'GSM685189', 'GSM685190', 'GSM685191', 'GSM685192', 'GSM685193', 'GSM685194', 'GSM685195', 'GSM685196', 'GSM685197', 'GSM685198', 'GSM685199', 'GSM685200', 'GSM685201', 'GSM685202', 'GSM685203', 'GSM685204', 'GSM685205', 'GSM685206', 'GSM685207', 'GSM685208', 'GSM685209', 'GSM685210', 'GSM685211', 'GSM685212', 'GSM685213', 'GSM685214', 'GSM685215', 'GSM685216', 'GSM685217', 'GSM685218', 'GSM685219', 'GSM685220', 'GSM685221', 'GSM685222', 'GSM685223', 'GSM685224', 'GSM685225', 'GSM685226', 'GSM685227', 'GSM685228', 'GSM685229', 'GSM685230', 'GSM685231', 'GSM685232', 'GSM685233', 'GSM685234', 'GSM685235', 'GSM685236', 'GSM685237', 'GSM685238', 'GSM685239', 'GSM685240', 'GSM685241', 'GSM685242', 'GSM685243', 'GSM685244', 'GSM685245', 'GSM685246', 'GSM685247', 'GSM685248', 'GSM685249', 'GSM685250', 'GSM685251', 'GSM685252', 'GSM685253', 'GSM685254', 'GSM685255', 'GSM685256', 'GSM685257', 'GSM685258', 'GSM685259', 'GSM685260', 'GSM685261', 'GSM685262', 'GSM685263', 'GSM685264', 'GSM685265', 'GSM685266', 'GSM685267', 'GSM685268', 'GSM685269', 'GSM685270', 'GSM685271', 'GSM685272', 'GSM685273', 'GSM685274', 'GSM685275', 'GSM685276', 'GSM685277', 'GSM685278', 'GSM685279', 'GSM685280', 'GSM685281', 'GSM685282', 'GSM685283', 'GSM685284', 'GSM685285', 'GSM685286', 'GSM685287', 'GSM685288', 'GSM685289', 'GSM685290', 'GSM685291', 'GSM685292', 'GSM685293', 'GSM685294', 'GSM685295', 'GSM685296', 'GSM685297', 'GSM685298', 'GSM685299', 'GSM685300', 'GSM685301', 'GSM685302', 'GSM685303', 'GSM685304', 'GSM685305', 'GSM685306', 'GSM685307', 'GSM685308', 'GSM685309', 'GSM685310', 'GSM685311', 'GSM685312', 'GSM685313', 'GSM685314', 'GSM685315', 'GSM685316', 'GSM685317', 'GSM685318', 'GSM685319', 'GSM685320', 'GSM685321', 'GSM685322', 'GSM685323', 'GSM685324', 'GSM685325', 'GSM685326', 'GSM685327', 'GSM685328', 'GSM685329', 'GSM685330', 'GSM685331', 'GSM685332', 'GSM685333', 'GSM685334'",NULL
GSE112307,GPL6947,MONOTEJIDO,MUJERES,NO,NA,54,0,54,NULL,"GSM3067430', 'GSM3067431', 'GSM3067432', 'GSM3067433', 'GSM3067434', 'GSM3067435', 'GSM3067436', 'GSM3067437', 'GSM3067438', 'GSM3067439', 'GSM3067440', 'GSM3067441', 'GSM3067442', 'GSM3067443', 'GSM3067444', 'GSM3067445', 'GSM3067446', 'GSM3067447', 'GSM3067448', 'GSM3067449', 'GSM3067450', 'GSM3067451', 'GSM3067452', 'GSM3067453', 'GSM3067454', 'GSM3067455', 'GSM3067456', 'GSM3067457', 'GSM3067458', 'GSM3067459', 'GSM3067460', 'GSM3067461', 'GSM3067462', 'GSM3067463', 'GSM3067464', 'GSM3067465', 'GSM3067466', 'GSM3067467', 'GSM3067468', 'GSM3067469', 'GSM3067470', 'GSM3067471', 'GSM3067472', 'GSM3067473', 'GSM3067474', 'GSM3067475', 'GSM3067476', 'GSM3067477', 'GSM3067478', 'GSM3067479', 'GSM3067480', 'GSM3067481', 'GSM3067482', 'GSM3067483'"