"Gene","metaRanking","RP"
"LOC100132310",1,1
"FLJ35379",2,2
"ACTG1P1",3,4.151
"LOC100128542",4,5.471
"LOC100132235",5,7.492
"BECN1L1",6,8.629
"CHMP4BP1",7,10.18
"RNU6-123P",8,11.58
"LOC100129058",9,12.79
"ND5",10,14.56
"RNU6-424P",11,15.65
"YBX1P10",12,17.27
"LOC100128870",13,18.36
"LOC100131124",14,19.68
"RNU6-929P",15,21.56
"LOC653162",16,22.66
"YBX1P1",17,23.75
"ERCC-00092",18,24.84
"RN7SKP20",19,25.92
"CYTB",20,27.12
"RPL7AP8",21,28.2
"RN7SKP73",22,29.76
"RNU6-997P",23,31.13
"RN7SL413P",24,32.61
"HMGB1P14",25,33.81
"RNU4-73P",26,35.99
"RN7SL526P",27,37.31
"RN7SL68P",28,38.38
"EEF1GP8",29,39.96
"RN7SKP181",30,41.47
"LOC100129236",31,42.54
"RN7SL753P",32,43.61
"RNU6-173P",33,44.68
"FAM123C",34,45.87
"YWHAZP3",35,47.07
"RN7SL521P",36,48.39
"RNA5SP379",37,49.85
"RN7SKP9",38,51.04
"RN7SL414P",39,52.39
"RNU6-692P",40,53.85
"RNU6-307P",41,55.33
"RNU2-40P",42,57.06
"RN7SKP225",43,59.27
"RN7SL554P",44,60.35
"RN7SL802P",45,62.16
"RN7SKP206",46,63.52
"RN7SKP271",47,65.17
"NACA3P",48,66.24
"RN7SKP115",49,67.31
"RNU6-802P",50,68.51
"RNU6-225P",51,69.58
"RNU6-224P",52,70.78
"RNU4-27P",53,71.85
"LOC440302",54,73.2
"RN7SKP140",55,74.39
"FTH1P18",56,75.46
"GJA1P1",57,76.52
"RN7SL252P",58,77.58
"RNU6-1148P",59,78.77
"RNU6-391P",60,79.84
"RNU6-64P",61,80.89
"RN7SL299P",62,81.95
"RN7SKP252",63,83.14
"TCEB1P28",64,84.2
"PTMAP5",65,85.26
"RNU6-382P",66,86.31
"SDCCAG3P1",67,87.36
"RN7SKP100",68,88.56
"RNU6-273P",69,89.61
"BCRP8",70,90.66
"RN7SKP136",71,91.71
"RN7SL833P",72,92.76
"RNA5SP240",73,93.81
"RN7SL442P",74,95.14
"RNU6-828P",75,96.47
"RN7SL40P",76,97.52
"MT-TF",77,98.85
"RNU4-88P",78,99.9
"RN7SKP11",79,101.4
"RN7SL569P",80,102.4
"RN7SKP143",81,103.5
"RN7SL621P",82,104.5
"MIR453",83,105.8
"CHCHD2P9",84,106.9
"LOC646127",85,108.1
"RN7SL551P",86,109.1
"RN7SKP127",87,110.4
"RN7SL786P",88,111.6
"RN7SL430P",89,113
"MIR1245",90,114.3
"RN7SL340P",91,115.3
"RN7SKP286",92,116.4
"RNU6-1034P",93,117.6
"WBP2P1",94,118.6
"RNU6-66P",95,119.7
"LOC646851",96,120.7
"RNU6-1231P",97,121.9
"GCOM2",98,123.2
"RNU6-283P",99,124.3
"MIR525",100,125.8
"RN7SL352P",101,126.8
"RN7SL652P",102,127.8
"RNU6-711P",103,128.9
"RN7SL159P",104,130.8
"RNU6-1161P",105,132
"RN7SKP19",106,133.6
"RNA5SP20",107,134.6
"LAMTOR5P1",108,135.7
"KRTAP21-3",109,136.8
"RN7SKP161",110,138
"PPP1R14BP5",111,139.4
"RNU4-43P",112,140.4
"RNU6-412P",113,141.5
"OR5AN2P",114,142.5
"RN7SL177P",115,143.5
"RN7SL370P",116,144.6
"RNU6-823P",117,145.9
"RNU6-883P",118,146.9
"RN7SKP129",119,147.9
"RNU1-139P",120,149.8
"RNU6-1261P",121,150.9
"RPS19P1",122,152.1
"RN7SKP120",123,153.3
"KRT18P59",124,154.3
"RN7SL306P",125,155.3
"RN7SL745P",126,156.4
"RN7SL255P",127,157.7
"RNU4-81P",128,158.8
"FXYD6P3",129,159.9
"WDR82P1",130,161.2
"CFL1P3",131,162.2
"RNVU1-8",132,163.4
"RN7SKP279",133,164.8
"RN7SL302P",134,165.8
"RPS16P9",135,166.8
"RN7SL192P",136,168.2
"RNA5SP175",137,169.5
"RN7SL614P",138,170.5
"RPL36P18",139,171.5
"RP5-882O7.1",140,172.6
"RMRPP5",141,173.6
"RNU6-131P",142,174.9
"RNU2-25P",143,176.1
"RPL36AP39",144,177.3
"RNA5SP185",145,178.3
"RN7SKP74",146,179.7
"RNU2-71P",147,180.9
"RNU6-626P",148,182
"RNU1-34P",149,183.1
"LOC101928049",150,184.3
"ERCC-00134",151,185.3
"RN7SL748P",152,186.3
"MIR141",153,187.6
"LOC100128998",154,187.6
"LOC100132008",155,189.1
"RN7SL705P",156,190.4
"RN7SL598P",157,191.5
"RPS26P54",158,192.7
"RN7SKP87",159,193.7
"RN7SKP185",160,194.9
"RNU6-1081P",161,196.1
"RN7SL76P",162,197.9
"RN7SL111P",163,199
"RN7SL104P",164,200.2
"RNU6-666P",165,201.8
"RNU1-129P",166,202.9
"ACTBP2",167,204
"RN7SL388P",168,205
"RNU6-366P",169,206
"RN7SKP39",170,207.1
"RNU6-1297P",171,208.4
"RNU6-756P",172,209.5
"RNU6-738P",173,210.5
"RN7SKP25",174,211.5
"RN7SKP230",175,212.5
"LOC100133331",176,213.7
"RNU6-1074P",177,214.8
"RN7SKP109",178,215.8
"RN7SL556P",179,216.8
"LOC100130441",180,218.3
"RNU2-39P",181,219.7
"RNU1-52P",182,221.4
"OR7E93P",183,222.8
"RN7SL646P",184,223.8
"RPS11P5",185,225.2
"RN7SL424P",186,226.2
"RN7SL26P",187,227.3
"RN7SL581P",188,228.5
"NECAP1P1",189,229.6
"RNU6-619P",190,230.7
"CISD1P1",191,231.7
"RN7SKP189",192,232.9
"MRPS21P2",193,233.9
"RNU6-282P",194,235
"ACTBP7",195,236
"RNU6-163P",196,237
"RN7SL282P",197,238
"RPL29P12",198,239.1
"RPL22P19",199,240.1
"LOC730291",200,241.1
"RNU1-123P",201,242.1
"RNU6-569P",202,243.5
"RNU1-55P",203,244.5
"RNU4ATAC13P",204,245.5
"RN7SL757P",205,246.9
"KRT18P20",206,247.9
"LOC100130800",207,248.9
"RN7SL445P",208,250
"RNA5SP163",209,251
"BAK1P2",210,252
"RN7SKP94",211,253
"LOC100131580",212,254.3
"RN7SKP46",213,255.3
"RN7SL504P",214,256.4
"RNU6-1246P",215,257.4
"RNU6-438P",216,258.4
"RN7SL293P",217,259.7
"OR5BS1P",218,260.7
"RPL12P2",219,261.8
"RN7SL8P",220,263
"RNU6-63P",221,264.1
"RN7SL401P",222,265.3
"LOC644525",223,266.3
"LOC100133760",224,267.5
"RN7SKP15",225,268.5
"RN7SL674P",226,269.5
"RN7SL672P",227,270.5
"RNA5SP200",228,271.6
"CHCHD2P8",229,272.6
"LOC100128203",230,273.6
"RNU6-996P",231,274.6
"CBX1P1",232,276.1
"RN7SKP118",233,277.1
"RN7SKP195",234,278.1
"LOC100134217",235,279.3
"RPS18P12",236,280.4
"RN7SL156P",237,281.4
"LOC100131540",238,282.4
"LOC100134461",239,283.4
"RNU6-708P",240,284.4
"RN7SL610P",241,285.5
"NOS2P3",242,286.7
"RN7SL677P",243,287.7
"CLEC19A",244,288.9
"RN7SKP85",245,290.1
"RN7SL678P",246,291.1
"RN7SKP292",247,292.3
"OR2B7P",248,293.9
"RN7SKP89",249,295.1
"RN7SKP124",250,296.1
"RN7SL191P",251,297.3
"LOC101929908",252,298.4
"RN7SKP218",253,299.4
"LOC100130156",254,300.6
"RN7SL870P",255,301.6
"RNU4-13P",256,302.6
"RN7SL704P",257,304.2
"RN7SL420P",258,305.2
"RN7SKP102",259,306.2
"NOS2P1",260,307.4
"RN7SKP72",261,308.4
"RNU6-161P",262,309.4
"RN7SL648P",263,310.5
"LOC100129514",264,311.5
"RNU1-7P",265,312.5
"RN7SL737P",266,313.7
"RNU6-1243P",267,314.7
"TMEM210",268,315.9
"RNU1-47P",269,317.1
"LOC729770",270,318.1
"OR10AC1P",271,319.2
"LOC100128901",272,320.2
"RN7SKP162",273,321.2
"MYL8P",274,322.2
"OR7E162P",275,323.4
"RNU6-115P",276,324.4
"RNU6-332P",277,325.5
"RNU1-141P",278,327.6
"COX2",279,327.6
"ZNRF3-AS1",280,328.6
"RNU6-449P",281,329.9
"ND4",282,330
"NAP1L4P1",283,331
"RN7SL116P",284,332
"RNU6ATAC30P",285,333.2
"RN7SKP79",286,334.2
"OR5AZ1P",287,335.2
"RN7SL734P",288,336.4
"OR56B3P",289,337.4
"RNU6-841P",290,338.6
"IGKV7-3",291,340
"RN7SL382P",292,341
"RN7SKP170",293,342
"FAM90A15",294,343.4
"RNU6-289P",295,344.4
"RN7SKP203",296,345.5
"RN7SKP45",297,346.7
"RNU4-20P",298,348.1
"RNA5SP262",299,349.6
"RN7SL580P",300,350.6
"RNU6-152P",301,351.6
"RPL13AP25",302,352.6
"RN7SL508P",303,353.7
"RNU1-148P",304,355.3
"THEGL",305,356.3
"RNU6-67P",306,357.7
"RN7SL105P",307,358.7
"RN7SKP75",308,359.7
"RNU6-209P",309,360.9
"RN7SKP178",310,362
"RNU2-68P",311,363
"RNU2-36P",312,364.3
"COX1",313,364.7
"LOC728661",314,365.5
"RN7SL375P",315,366.7
"RN7SL634P",316,367.7
"RNU6-642P",317,368.7
"RNU6-1168P",318,369.9
"LOC728937",319,370.9
"RN7SKP90",320,371.9
"RN7SL793P",321,373.1
"RN7SL174P",322,374.3
"RNU6-1062P",323,375.8
"RNU6-502P",324,376.8
"LOC100124692",325,378.2
"FUSSEL18",326,379.2
"RNA5SP438",327,380.5
"RNU6-892P",328,381.5
"RNU1-136P",329,382.7
"RN7SL50P",330,383.7
"RN7SL432P",331,384.7
"LOC100127887",332,385.7
"RNA5SP197",333,387
"LOC728615",334,388.5
"RNA5SP474",335,389.5
"RN7SKP77",336,391
"OR7E130P",337,392
"RNU6-909P",338,393
"RN7SL449P",339,394.6
"RNU6-365P",340,395.7
"RNU6-529P",341,396.7
"RNA5SP128",342,397.9
"RN7SKP263",343,398.9
"RNU6-132P",344,399.9
"RNU4-52P",345,400.9
"RPL7AP6",346,401.9
"RN7SKP166",347,403.1
"RN7SL220P",348,404.5
"RN7SL714P",349,405.5
"RN7SKP52",350,406.9
"RN7SL549P",351,408.1
"RNU6-435P",352,409.1
"RN7SKP247",353,410.1
"RN7SL591P",354,411.2
"LOC101927180",355,412.2
"RPL36AP6",356,413.2
"RNU6-1271P",357,414.2
"RNU6-526P",358,415.4
"RNU1-38P",359,416.7
"RN7SL321P",360,417.7
"RN7SL645P",361,418.7
"RN7SKP47",362,419.8
"LOC399748",363,420.8
"ANKRD61",364,422
"RNU6-451P",365,423
"HMGA1P1",366,424
"RNU6-359P",367,425
"LOC100131830",368,426
"SNORA70D",369,427.1
"RNU6-181P",370,428.6
"RNU6-1095P",371,429.6
"RN7SL35P",372,430.6
"RNA5SP218",373,431.6
"TATDN2P1",374,432.7
"RN7SKP153",375,434
"RN7SKP101",376,435.2
"RN7SL97P",377,436.3
"RN7SL468P",378,438
"GPR79",379,439.2
"LOC728804",380,440.2
"RNU6-1219P",381,441.2
"RNA5SP68",382,442.3
"RN7SL861P",383,444
"RIMKLBP1",384,445
"RNU6-843P",385,446.1
"RNU1-115P",386,447.3
"LOC729409",387,448.3
"RNU6-314P",388,449.5
"RN7SL258P",389,450.8
"MIR7641-2",390,451.8
"KRT18P14",391,453
"RN7SL862P",392,454.2
"MIR203A",393,455.3
"RN7SL385P",394,456.3
"RNU6-1138P",395,457.6
"RN7SKP227",396,458.6
"RNY4P30",397,459.6
"RN7SKP68",398,461
"LOC644186",399,462.1
"RNA5SP492",400,463.1
"RNA5SP491",401,464.1
"RNU6-454P",402,465.1
"RN7SL762P",403,466.1
"RNU6-705P",404,467.1
"ARHGAP19-SLIT1",405,468.2
"HMGN2P6",406,469.2
"RNA5SP190",407,470.2
"LOC101928885",408,471.5
"RN7SKP173",409,472.5
"RN7SL284P",410,473.5
"LOC729800",411,474.5
"RN7SL851P",412,475.6
"RNU6-731P",413,476.6
"RN7SKP163",414,477.6
"RN7SKP262",415,478.8
"EIF2S2P3",416,479.8
"RN7SL733P",417,481.6
"RNU6-1276P",418,482.6
"RPL34P6",419,483.7
"RNU6-409P",420,485
"RNU6-799P",421,486.6
"RN7SL292P",422,487.8
"RNU6-53P",423,489.2
"RNU2-65P",424,490.2
"RN7SKP64",425,491.2
"RN7SL16P",426,492.2
"RPL23AP12",427,493.2
"RN7SL863P",428,494.3
"RNU1-56P",429,495.3
"LOC642636",430,496.3
"RNU2-70P",431,497.6
"RNU6-421P",432,498.6
"RNU4ATAC6P",433,499.6
"TRGV7",434,500.6
"RPS2P7",435,501.6
"RN7SL20P",436,502.8
"MIR219A2",437,503.8
"RNU6-518P",438,504.9
"RN7SL597P",439,505.9
"EEF1A1P11",440,506.9
"TXNP6",441,507.9
"RN7SL515P",442,508.9
"OR7E43P",443,509.9
"RNU2-43P",444,511
"RN7SKP122",445,512
"RN7SKP182",446,513.2
"RNU4-49P",447,514.2
"RNU6ATAC23P",448,515.2
"RNU6-159P",449,516.2
"OR1R1P",450,517.2
"RN7SL363P",451,518.2
"RNU6-276P",452,519.7
"RAC1P2",453,520.7
"RN7SL555P",454,521.8
"RP6-11O7.2",455,522.8
"RN7SKP7",456,523.8
"RNU1-74P",457,524.8
"RNU6-876P",458,525.8
"RN7SL684P",459,526.8
"RNA5SP322",460,528
"FLJ22675",461,529
"RN7SL77P",462,530.1
"KRT18P52",463,531.3
"OR7E102P",464,532.3
"RN7SKP202",465,533.5
"RN7SKP260",466,534.6
"RN7SL242P",467,535.8
"RNU6-1272P",468,536.8
"RNU1-14P",469,537.8
"RNU6-270P",470,538.8
"RN7SKP207",471,539.8
"RPL7P17",472,540.8
"RNU6-445P",473,541.8
"RNU6-360P",474,542.9
"RNU6V",475,544.1
"RNA5SP154",476,545.1
"MIR451A",477,546.3
"RN7SKP257",478,547.5
"RN7SL665P",479,548.6
"SCAND3",480,549.8
"RN7SL400P",481,550.8
"RNU6-810P",482,551.8
"RN7SKP192",483,552.8
"RNU1-132P",484,553.8
"RN7SL135P",485,554.8
"RNU6-620P",486,555.8
"ZNF123P",487,556.9
"MTND4P1",488,558.3
"RN7SL636P",489,559.4
"RNU5A-2P",490,560.6
"RNU6-1264P",491,561.6
"RPS2P2",492,562.6
"RNA5SP329",493,564
"RN7SKP44",494,565.1
"RN7SL477P",495,566.1
"RN7SL225P",496,567.3
"RNU6-822P",497,568.3
"KRT18P32",498,569.3
"OR7E22P",499,570.5
"RN7SL799P",500,572
"RNU6-1088P",501,573.1
"RNA5SP455",502,574.1
"RNU6-1017P",503,575.3
"RPL10AP6",504,577.6
"RNU6-1096P",505,578.6
"MIR548C",506,579.6
"RNA5SP75",507,580.6
"RNA5SP92",508,581.6
"RNU1-75P",509,582.6
"RN7SL566P",510,583.6
"RNU6-237P",511,584.7
"RPL22P22",512,585.7
"RN7SL812P",513,586.7
"RNA5SP117",514,587.7
"RN7SL681P",515,588.7
"RNU6-422P",516,589.9
"RNU6-754P",517,591.3
"RNU6-1068P",518,592.3
"CRIP1P4",519,593.3
"RNU6-1080P",520,594.3
"RN7SL594P",521,595.5
"RPL7P23",522,596.6
"OR2T32P",523,597.6
"MIR510",524,598.6
"RNU1-42P",525,599.6
"MRRFP1",526,600.6
"SDR42E2",527,601.6
"RNU4-23P",528,602.6
"RPL31P7",529,603.8
"RNU6-686P",530,604.8
"RN7SL181P",531,605.9
"RNU6-413P",532,606.9
"RN7SL454P",533,608.1
"RNU6-1177P",534,609.7
"RNU6-815P",535,610.7
"RNU6-927P",536,611.9
"RNU6-193P",537,613.8
"RNU6-504P",538,614.8
"LOC102723566",539,616.2
"OR8J2",540,617.2
"RNU6-1151P",541,618.6
"LOC388279",542,619.6
"RNU6-1154P",543,620.6
"IGLJCOR18",544,621.7
"RNU6-1165P",545,623.3
"RNU6-1324P",546,624.3
"RNU4-14P",547,626.1
"LOC100132724",548,627.1
"RNU6-1155P",549,629
"RN7SL639P",550,630.2
"RN7SL630P",551,631.3
"RN7SKP61",552,632.3
"RNA5SP519",553,633.3
"RNU1-8P",554,634.5
"RNU6-947P",555,635.5
"OR7E55P",556,636.5
"RNA5SP119",557,637.5
"RN7SKP240",558,639.1
"RNU6-1134P",559,640.1
"RN7SKP154",560,641.1
"RN7SL322P",561,642.1
"RNU6-200P",562,643.2
"RN7SL632P",563,644.2
"RN7SL83P",564,645.4
"RNU1-57P",565,646.4
"RN7SL553P",566,647.4
"RPL7L1P1",567,648.6
"RN7SL552P",568,649.6
"RNU6-72P",569,650.6
"RN7SL654P",570,651.6
"OR7E26P",571,653.3
"PRKRIRP1",572,654.3
"RNU6-1325P",573,655.5
"RNY3P4",574,657.5
"RNU6-385P",575,658.9
"RNU6-648P",576,660.8
"ZNF652P1",577,661.8
"RN7SL263P",578,662.9
"RNU5A-4P",579,663.9
"RNU6-406P",580,664.9
"RN7SL268P",581,665.9
"RNU6-1180P",582,666.9
"NDUFA5P9",583,667.9
"HSD17B1P1",584,668.9
"FAM86MP",585,669.9
"RNU4-67P",586,671
"RNU1-133P",587,672.2
"RN7SL788P",588,673.6
"RN7SL836P",589,674.8
"RN7SL180P",590,676.2
"DDX18P6",591,677.3
"OR10AB1P",592,678.7
"RN7SL12P",593,679.7
"RNA5SP203",594,681.2
"RPL31P28",595,682.2
"ERCC-00076",596,683.4
"RNU6-832P",597,684.4
"RNU6-320P",598,685.4
"RNU1-78P",599,686.4
"RN7SL47P",600,687.5
"RNU6-772P",601,688.7
"RNY4P29",602,689.7
"RNU6-171P",603,690.7
"RNU6-383P",604,691.9
"RN7SL359P",605,692.9
"RNU6ATAC11P",606,693.9
"VTRNA3-1P",607,694.9
"RNU6-1300P",608,695.9
"RN7SL856P",609,696.9
"RNU1-100P",610,698
"RNU2-51P",611,699
"RNU1-40P",612,700
"LOC349114",613,701
"UBE2D3P1",614,702
"RN7SL735P",615,703
"RN7SL37P",616,704
"RN7SL266P",617,705.1
"RN7SKP135",618,706.1
"RNU6-125P",619,707.6
"RNU6-142P",620,708.6
"RNA5SP319",621,709.6
"RN7SL294P",622,710.6
"KRT121P",623,711.6
"RNU6-554P",624,712.6
"RN7SKP276",625,713.6
"FAM183A",626,714.4
"RN7SL122P",627,714.6
"RNU6-765P",628,715.7
"PPIAP24",629,716.7
"RN7SKP113",630,717.9
"RPS15AP11",631,718.9
"OR51A8P",632,720.3
"RN7SL399P",633,721.6
"RN7SKP60",634,722.6
"RN7SL354P",635,723.6
"LOC100134233",636,725.3
"RNU2-3P",637,726.4
"RNU6-198P",638,727.8
"OR7E155P",639,728.8
"RNU6-239P",640,730.2
"RNY1P3",641,731.4
"RNU6-987P",642,732.4
"TXNP4",643,733.4
"RN7SKP36",644,734.7
"SIGLEC27P",645,735.7
"RNU4-72P",646,736.7
"RNA5SP229",647,737.7
"RN7SL110P",648,738.7
"RP13-258O15.1",649,739.7
"RNU1-70P",650,740.7
"RNA5SP464",651,741.7
"RNU6-932P",652,743.5
"HIST3H2BA",653,744.5
"RNU6-448P",654,745.5
"RNU7-4P",655,746.6
"PRNPIP",656,747.5
"RN7SL351P",657,747.6
"RNA5SP487",658,748.6
"RNA5SP321",659,749.8
"RN7SL51P",660,751
"RN7SL384P",661,752.6
"RNU6-194P",662,753.6
"RN7SL182P",663,754.6
"RN7SKP235",664,755.6
"RNA5SP259",665,756.6
"LOC100130166",666,757.8
"RNU6-482P",667,758.8
"ANKRD36P1",668,759.9
"RNA5SP512",669,761.1
"RNU6ATAC4P",670,762.1
"RNU6-760P",671,763.1
"RN7SL143P",672,764.3
"LOC100130859",673,765.8
"RN7SL739P",674,766.8
"RN7SL335P",675,767.8
"RN7SKP193",676,768.8
"DNM1P33",677,769.9
"RN7SKP293",678,770.9
"RNU6-855P",679,772.1
"RNU6-279P",680,773.1
"RNU6-432P",681,774.1
"RNU6-1195P",682,775.1
"RNU2-47P",683,776.4
"RNU6-61P",684,777.8
"RN7SKP169",685,778.8
"RNU6-402P",686,780.1
"RNU1-105P",687,781.1
"RN7SKP123",688,782.1
"RNU6ATAC15P",689,783.2
"RN7SL740P",690,784.5
"RN7SL465P",691,785.8
"RNA5SP476",692,786.8
"RN7SKP10",693,787.8
"RPL31P13",694,789.2
"RNA5SP187",695,790.2
"RN7SKP149",696,791.3
"RN7SKP229",697,792.5
"RNU6-205P",698,793.9
"RN7SKP238",699,795.1
"ZNF587P1",700,796.3
"RNU5A-3P",701,797.8
"RN7SL81P",702,798.8
"RN7SL33P",703,799.8
"RNA5SP281",704,800.8
"RN7SL813P",705,801.8
"RNA5-8SP4",706,802.8
"PSMB3P2",707,803.9
"RNU6-624P",708,805.5
"RNU6-54P",709,806.5
"RN7SKP26",710,807.8
"LOC100129979",711,808.8
"GLTPP1",712,810
"RN7SL148P",713,811
"RN7SKP291",714,812.4
"SNORD113-2",715,813.4
"RNU1-22P",716,815.2
"RNU6ATAC21P",717,816.2
"RNU6-227P",718,817.3
"RN7SL55P",719,818.8
"RN7SKP76",720,819.9
"LOC100132992",721,820.9
"RNU6-1146P",722,821.9
"RNU6-782P",723,823.3
"RNU6-410P",724,824.5
"RN7SL561P",725,825.6
"RN7SKP259",726,826.6
"LOC100132456",727,827.8
"RN7SL337P",728,828.8
"FAUP1",729,829.9
"RNU6-254P",730,830.9
"BTF3P10",731,831.9
"IGLV9-49",732,832.9
"RNU6-878P",733,834.3
"HINT1P1",734,835.3
"RNU6-1054P",735,836.5
"RN7SL257P",736,838
"RNU6ATAC41P",737,839
"RN7SL649P",738,840
"RN7SL11P",739,841
"MIR124-1",740,842
"RN7SL447P",741,843
"RNA5SP514",742,844
"RNU6-819P",743,845
"LOC100287792",744,846.2
"DAZAP2P1",745,847.7
"RNU5F-2P",746,849
"RNU2-46P",747,850.2
"RN7SKP167",748,851.4
"OR9I2P",749,852.6
"RPS7P4",750,853.8
"RNA5SP522",751,854.8
"HIST2H3DP1",752,856
"RN7SL482P",753,857
"RNU6-936P",754,858
"RNU6-937P",755,859.2
"RN7SL518P",756,860.4
"RN7SKP24",757,861.5
"RNU6-652P",758,862.5
"MIR517B",759,863.5
"RN7SL167P",760,864.9
"RNA5SP485",761,866.6
"RNU6-798P",762,867.8
"RN7SL754P",763,868.8
"RNA5SP453",764,869.8
"RNU6-800P",765,870.8
"RNU6-740P",766,872
"RNA5SP113",767,873
"RNU6-1242P",768,874.1
"RNU6-796P",769,875.1
"SNORA70E",770,876.1
"RN7SL675P",771,877.3
"RNU6-857P",772,878.5
"RNU2-56P",773,879.5
"RN7SKP239",774,880.5
"RN7SL728P",775,881.5
"RN7SKP130",776,882.5
"MIR558",777,883.5
"RN7SL429P",778,884.6
"MIR150",779,885.6
"RNU6-726P",780,886.8
"RN7SL380P",781,888
"RNU6-139P",782,889.2
"RNU11-5P",783,890.5
"RNU5E-7P",784,891.5
"RNU6-1267P",785,892.5
"ATP6V0CP1",786,893.5
"RN7SKP59",787,895
"RN7SL535P",788,896
"RPL35P9",789,897
"RNA5SP289",790,898.2
"MIR92B",791,899.2
"RNU6-349P",792,900.3
"RNU6-607P",793,901.3
"LOC101928826",794,902.5
"RN7SL333P",795,903.5
"RNA5SP38",796,904.5
"TRNAS30P",797,905.7
"LOC100131414",798,907.1
"RNA5SP398",799,908.1
"RN7SKP48",800,909.1
"RNA5SP358",801,910.1
"RN7SL810P",802,911.5
"RPS2P4",803,912.5
"RNU6-882P",804,913.6
"RNU6-1141P",805,914.6
"RN7SL691P",806,916.7
"RNA5SP261",807,917.9
"RNU6-1336P",808,918.9
"RAC1P4",809,919.9
"RNA5-8SP2",810,921
"RN7SKP226",811,922.2
"RN7SKP78",812,923.2
"RN7SL687P",813,924.2
"RN7SL193P",814,925.2
"RNU6-567P",815,926.2
"FLJ43859",816,927.2
"LOC400129",817,928.2
"RNU6-984P",818,929.2
"MIR128-2",819,929.5
"RNA5SP24",820,930.3
"RN7SKP142",821,932
"OR10AA1P",822,933
"RN7SL664P",823,934.2
"RNA5SP472",824,935.2
"RNA5SP112",825,936.2
"OR2A3P",826,937.2
"RNU6-739P",827,938.2
"RNU6ATAC34P",828,939.2
"RN7SL712P",829,940.3
"MIR1271",830,941.7
"RN7SL478P",831,942.7
"RNU6-1288P",832,943.9
"LOC100288160",833,944.9
"RN7SL221P",834,946.2
"RN7SL62P",835,947.4
"RNU6-1230P",836,948.4
"RN7SL756P",837,949.6
"RN7SKP188",838,951
"RNY1P7",839,952.2
"RN7SL118P",840,953.4
"RNU1-23P",841,954.4
"RNA5SP142",842,955.5
"RN7SKP205",843,956.5
"RNA5SP294",844,957.5
"RN7SKP277",845,958.5
"RN7SKP275",846,959.7
"RN7SKP253",847,960.7
"RNU11-6P",848,961.7
"RNA5SP188",849,962.7
"RN7SKP53",850,963.7
"LOC642446",851,964.8
"FLJ26245",852,965.8
"RN7SL65P",853,967
"RNU6-1051P",854,968
"RN7SL466P",855,969
"RNU6-261P",856,970.7
"RNU6-763P",857,971.7
"RNU6-606P",858,972.7
"RNA5SP174",859,973.9
"RPL29P30",860,974.9
"RNU6-486P",861,976
"OR5P1P",862,977.4
"LOC100130079",863,978.4
"RN7SL402P",864,979.6
"RNA5SP126",865,980.6
"RNU6-1042P",866,981.7
"RN7SKP107",867,983.2
"LOC102723980",868,984.4
"RNU6-257P",869,985.4
"OR7A15P",870,986.4
"RPL7L1P4",871,987.4
"LOC728054",872,988.5
"LOC100132426",873,989.5
"RPS2P52",874,990.7
"PTGES3P3",875,991.7
"RN7SL663P",876,992.7
"LOC100130600",877,993.9
"RN7SL688P",878,994.9
"RN7SL807P",879,995.9
"RN7SL34P",880,996.9
"RN7SL233P",881,998.4
"RN7SL396P",882,999.8
"RNU6-505P",883,1001
"RNA5SP148",884,1002
"RN7SL329P",885,1003
"RNU6-776P",886,1005
"RNA5SP475",887,1006
"COX6CP4",888,1007
"LOC401076",889,1008
"RN7SL403P",890,1009
"RNU6-662P",891,1010
"RN7SL570P",892,1011
"RNA5SP470",893,1013
"RNU6-691P",894,1014
"RNA5SP167",895,1015
"LOC100506242",896,1016
"RNU6-608P",897,1017
"RNU6-563P",898,1018
"RN7SL692P",899,1019
"RNU6-880P",900,1021
"RN7SL426P",901,1022
"RNU6-251P",902,1023
"RNU6-309P",903,1025
"RNU6-999P",904,1026
"RNU6-609P",905,1027
"RN7SL668P",906,1028
"RNU6-1129P",907,1029
"RN7SL635P",908,1030
"MIR210",909,1031
"RNA5SP124",910,1031
"RNA5SP225",911,1032
"RN7SKP248",912,1033
"RN7SL23P",913,1034
"RN7SL606P",914,1035
"RNU6-963P",915,1037
"LOC389662",916,1038
"RNA5SP397",917,1040
"HMGN1P36",918,1041
"RN7SL503P",919,1042
"RN7SL332P",920,1044
"RN7SL328P",921,1045
"RN7SL497P",922,1046
"RN7SL434P",923,1047
"RNA5SP489",924,1048
"RNU6-681P",925,1049
"LOC442211",926,1050
"LOC147727",927,1051
"RNU6ATAC28P",928,1052
"RN7SL494P",929,1053
"RNA5SP350",930,1054
"RBMY2GP",931,1055
"RN7SL132P",932,1056
"RNU2-17P",933,1057
"RNU1-140P",934,1058
"RNU6-151P",935,1060
"LOC388553",936,1061
"LOC100128904",937,1062
"RNU6-352P",938,1063
"RN7SKP232",939,1064
"RNY1P2",940,1065
"RNA5SP478",941,1066
"RN7SL366P",942,1067
"RNU6-680P",943,1068
"RN7SL408P",944,1069
"RN7SKP297",945,1070
"LOC100288208",946,1071
"RNU2-23P",947,1072
"RNU6-155P",948,1073
"RNU6-99P",949,1074
"RN7SL208P",950,1075
"LOC100190938",951,1077
"LOC100129293",952,1078
"LOC101929087",953,1079
"RN7SL30P",954,1080
"RNU6-199P",955,1082
"RN7SKP27",956,1083
"RNU6-769P",957,1084
"LOC100131166",958,1085
"RNU6-439P",959,1086
"RN7SL39P",960,1087
"SUB1P3",961,1088
"RN7SKP147",962,1089
"RNU6-78P",963,1090
"RNU6-827P",964,1091
"RN7SKP200",965,1093
"RN7SKP22",966,1094
"MIR25",967,1094
"OFD1P17",968,1095
"GAPDHP22",969,1096
"RNA5SP169",970,1097
"METTL11A",971,1098
"CYCSP51",972,1099
"RNU6-426P",973,1100
"RNU6-260P",974,1101
"RN7SKP17",975,1103
"RN7SL493P",976,1104
"LOC100134404",977,1105
"RNA5SP290",978,1107
"RN7SL782P",979,1108
"LOC648665",980,1109
"RN7SL120P",981,1110
"RPL12P11",982,1111
"LOC100128788",983,1112
"LOC100133602",984,1113
"RNU6-1335P",985,1114
"LOC644589",986,1115
"RN7SL498P",987,1116
"RNU6-703P",988,1117
"RNU6-1119P",989,1118
"UBBP4",990,1119
"RN7SL183P",991,1120
"RNA5SP458",992,1121
"RN7SL801P",993,1123
"RNU6-386P",994,1124
"RNU6-875P",995,1125
"RNU6-1307P",996,1126
"RNU6-646P",997,1127
"RN7SKP237",998,1128
"RNU6-185P",999,1130
"RN7SL240P",1000,1131
